"id","firstName","lastName","age","email"
"1","Emily","Johnson","28","emily.johnson@x.dummyjson.com"
"2","Michael","Williams","35","michael.williams@x.dummyjson.com"
"3","Sophia","Brown","42","sophia.brown@x.dummyjson.com"
"4","James","Davis","45","james.davis@x.dummyjson.com"
"5","Emma","Miller","30","emma.miller@x.dummyjson.com"
"6","Olivia","Wilson","22","olivia.wilson@x.dummyjson.com"
"7","Alexander","Jones","38","alexander.jones@x.dummyjson.com"
"8","Ava","Taylor","27","ava.taylor@x.dummyjson.com"
"9","Ethan","Martinez","33","ethan.martinez@x.dummyjson.com"
"10","Isabella","Anderson","31","isabella.anderson@x.dummyjson.com"
"11","Liam","Garcia","29","liam.garcia@x.dummyjson.com"
"12","Mia","Rodriguez","24","mia.rodriguez@x.dummyjson.com"
"13","Noah","Hernandez","40","noah.hernandez@x.dummyjson.com"
"14","Charlotte","Lopez","36","charlotte.lopez@x.dummyjson.com"
"15","William","Gonzalez","32","william.gonzalez@x.dummyjson.com"
"16","Avery","Perez","25","avery.perez@x.dummyjson.com"
"17","Evelyn","Sanchez","37","evelyn.sanchez@x.dummyjson.com"
"18","Logan","Torres","31","logan.torres@x.dummyjson.com"
"19","Abigail","Rivera","28","abigail.rivera@x.dummyjson.com"
"20","Jackson","Evans","34","jackson.evans@x.dummyjson.com"
"21","Madison","Collins","26","madison.collins@x.dummyjson.com"
"22","Elijah","Stewart","33","elijah.stewart@x.dummyjson.com"
"23","Chloe","Morales","39","chloe.morales@x.dummyjson.com"
"24","Mateo","Nguyen","30","mateo.nguyen@x.dummyjson.com"
"25","Harper","Kelly","27","harper.kelly@x.dummyjson.com"
"26","Evelyn","Gonzalez","35","evelyn.gonzalez@x.dummyjson.com"
"27","Daniel","Cook","41","daniel.cook@x.dummyjson.com"
"28","Lily","Lee","29","lily.lee@x.dummyjson.com"
"29","Henry","Hill","38","henry.hill@x.dummyjson.com"
"30","Addison","Wright","32","addison.wright@x.dummyjson.com"
